<?xml version="1.0" encoding="utf-8" standalone="yes"?>
<rss version="2.0" xmlns:atom="http://www.w3.org/2005/Atom">
  <channel>
    <title>Live Roulette Australia – Responsible Gaming Matters on Best Live Roulette Online</title>
    <link>https://liveroulette-au.com/responsible-gaming/</link>
    <description>Recent content in Live Roulette Australia – Responsible Gaming Matters on Best Live Roulette Online</description>
    <generator>Hugo</generator>
    <language>en</language>
    <lastBuildDate></lastBuildDate>
    <atom:link href="https://liveroulette-au.com/responsible-gaming/index.xml" rel="self" type="application/rss+xml" />
  </channel>
</rss>
