<?xml version="1.0" encoding="utf-8" standalone="yes"?>
<rss version="2.0" xmlns:atom="http://www.w3.org/2005/Atom">
  <channel>
    <title>Live Casino Online Real Money Free Play – No Risk Start | Free Roulette Australia on Best Live Roulette Online</title>
    <link>https://liveroulette-au.com/free/</link>
    <description>Recent content in Live Casino Online Real Money Free Play – No Risk Start | Free Roulette Australia on Best Live Roulette Online</description>
    <generator>Hugo</generator>
    <language>en</language>
    <lastBuildDate></lastBuildDate>
    <atom:link href="https://liveroulette-au.com/free/index.xml" rel="self" type="application/rss+xml" />
  </channel>
</rss>
